ASIN,Identifier,Purchasing Price
B01M13QICO,asin,5.0
B08HR42T3T,asin,5.0
B08F789KKL,asin,5.0
B08DDB41MZ,asin,5.0
B07ZM5QCX9,asin,5.0
B07XYTRL5Q,asin,5.0
B003B6TG32,asin,5.0
B07MXZDD1V,asin,5.0
B075YVSSV8,asin,5.0
B00NMNA2S2,asin,5.0
B08MX9148B,asin,5.0
B07CY2VNJM,asin,5.0
B07ZH6C81S,asin,5.0
B07543B5WD,asin,5.0
B07QK64BY9,asin,5.0
B07L98SM6J,asin,5.0
B07VHRBWPT,asin,5.0
B08GYHPN21,asin,5.0
B07H3VQVYM,asin,5.0
B087T6L61V,asin,5.0
B08HRZ923J,asin,5.0
B084RN2398,asin,5.0
B07LFF6QBR,asin,5.0
B07YJBLTDB,asin,5.0
B07LBL8897,asin,5.0
B0815JJHRV,asin,5.0
B07ZHVNNB8,asin,5.0
B07C89F1NX,asin,5.0
B017LS2DUI,asin,5.0
B08MTNZ2SG,asin,5.0
B08NT58W8M,asin,5.0
B08CQWVVRJ,asin,5.0
B07PXH5CQJ,asin,5.0
B087P71GKG,asin,5.0
B07L8QWBX6,asin,5.0
B01M5BCNIG,asin,5.0
B08HLNNXQK,asin,5.0
B08KHYY1LM,asin,5.0
B08FQ4WXV2,asin,5.0
B081QPFJDJ,asin,5.0
B07GNCH78B,asin,5.0
B07WPT7KRP,asin,5.0
B07BW9D3XX,asin,5.0
B087HPYGSK,asin,5.0
B072Q476YK,asin,5.0
B01J6TCAJO,asin,5.0
B076FTWKCH,asin,5.0
B07MJKFJWF,asin,5.0
B08HHWNNYB,asin,5.0
B08D99PY6D,asin,5.0
B085NFPV5K,asin,5.0
B07PXHK6L2,asin,5.0
B07WD3X1WY,asin,5.0
B07QDWJ39P,asin,5.0
B08DKJQ3Q9,asin,5.0
B08MKNJ9WZ,asin,5.0
B071JNL2M5,asin,5.0
B079PS2DCX,asin,5.0
B00KM387EQ,asin,5.0
B085T9SMPG,asin,5.0
B0899S4NP1,asin,5.0
B086QSH2FK,asin,5.0
B01BVE241G,asin,5.0
B07P23DPZ3,asin,5.0
B079SMZXV3,asin,5.0
B07MK1PM3F,asin,5.0
B08DRQL7FN,asin,5.0
B075X4K6G2,asin,5.0
B01M6Z9463,asin,5.0
B085SWD66Q,asin,5.0
B08LYVS3XL,asin,5.0
B07GG215Z7,asin,5.0
B0883X9GNG,asin,5.0
B07HK4S5R7,asin,5.0
B073XL2M5M,asin,5.0
B076DSZMSH,asin,5.0
B07TJGTZ69,asin,5.0
B01BXBLXEG,asin,5.0
B08FDKPJ7H,asin,5.0
B07RB28K6X,asin,5.0
B08D3KPZNF,asin,5.0
B00VMSQYT0,asin,5.0
B08DP2RXCV,asin,5.0
B07Q2W1WSS,asin,5.0
B07Q49MT2K,asin,5.0
B07V337W5M,asin,5.0
B082R1GRWQ,asin,5.0
B07D9KX9JG,asin,5.0
B07CRX7SND,asin,5.0
B07Y2JNBJL,asin,5.0
B00XZF21TK,asin,5.0
B08J1LV7S9,asin,5.0
B07GCGW7Z5,asin,5.0
B08L7N6DCM,asin,5.0
B08B1XJCMM,asin,5.0
B08HJ4VGFY,asin,5.0
B07KTDPRZS,asin,5.0
B0783BL96N,asin,5.0
B072J41RQW,asin,5.0
B0884HB86J,asin,5.0
B01MU4W75N,asin,5.0
B07FSSDR2V,asin,5.0
B07D4JGWCP,asin,5.0
B08N4MRGRD,asin,5.0
B078HKNNKM,asin,5.0
B00W9OEGQO,asin,5.0
B0877Y7HDS,asin,5.0
B0811S97Y7,asin,5.0
B07ZPQBNQG,asin,5.0
B08BRGQQCM,asin,5.0
B075CFZC6B,asin,5.0
B01M71JIC9,asin,5.0
B087X914W9,asin,5.0
B085SYBJQ1,asin,5.0
B00JGI1ACO,asin,5.0
B0776QLPCZ,asin,5.0
B07T1T5XBP,asin,5.0
B08JNYWBMK,asin,5.0
B084X3XP95,asin,5.0
B07KYHYK3K,asin,5.0
B08LCMJ5J4,asin,5.0
B08HWMHNR2,asin,5.0
B074DWH542,asin,5.0
B08L62C6ZV,asin,5.0
B077NX2J88,asin,5.0
B07Z1GCJRX,asin,5.0
B07QB6N54C,asin,5.0
B07T83BQ71,asin,5.0
B0882WD98F,asin,5.0
B07QF467DJ,asin,5.0
B07VSFRRMB,asin,5.0
B08LP2XJYR,asin,5.0
B074DXP3ZY,asin,5.0
B07WSVMZVG,asin,5.0
B087NCGWV3,asin,5.0
B07145L7XS,asin,5.0
B07P676DXL,asin,5.0
B07RPQ4TYD,asin,5.0
B07HYFG13W,asin,5.0
B07Y479768,asin,5.0
B083MVB54J,asin,5.0
B075B1JLGD,asin,5.0
B087HMN7P6,asin,5.0
B0882LPZJS,asin,5.0
B08C2FHNDP,asin,5.0
B08KDYPKNY,asin,5.0
B07JWK65X7,asin,5.0
B0073PVT9Q,asin,5.0
B088RM4M6J,asin,5.0
B0771JVZHC,asin,5.0
B07WN7FYGQ,asin,5.0
B08DCT4LWP,asin,5.0
B08FR3GW9N,asin,5.0
B07X4XLQWV,asin,5.0
B08BY9PQ59,asin,5.0
B07ZKDRY7V,asin,5.0
B01LYBLU24,asin,5.0
B0859RTRJN,asin,5.0
B00IJFJEIW,asin,5.0
B088BG2G1L,asin,5.0
B08GB9Y31W,asin,5.0
B08CC3276T,asin,5.0
B07V49TR3Z,asin,5.0
B082VJQBDS,asin,5.0
B075SCVLCL,asin,5.0
B08HYDKCGS,asin,5.0
B07XLDRRLZ,asin,5.0
B07NNV4LW3,asin,5.0
B08F3FWTTF,asin,5.0
B08LKH7GHD,asin,5.0
B00T9T9LPI,asin,5.0
B08N47SDP1,asin,5.0
B07CTHBKC4,asin,5.0
B07SR6DB8F,asin,5.0
B07XTBSBQD,asin,5.0
B07741NR76,asin,5.0
B08HH9J9XL,asin,5.0
B07XRY1JY6,asin,5.0
B0863B268Y,asin,5.0
B07YZSSSH7,asin,5.0
B074Z17QH8,asin,5.0
B07F5MD31H,asin,5.0
B07GT1JW2Q,asin,5.0
B08K3GL3V4,asin,5.0
B08K8DXP3F,asin,5.0
B07VFXK294,asin,5.0
B085SYC5ZZ,asin,5.0
B07R4LCFTH,asin,5.0
B084BY9RJT,asin,5.0
B08HWKFR7J,asin,5.0
B08BG4MQQJ,asin,5.0
B07Y2JNFDH,asin,5.0
B08C2LHK7D,asin,5.0
B00S774V9O,asin,5.0
B076VJQQ1Q,asin,5.0
B0791W8S2W,asin,5.0
B07M7SXBKQ,asin,5.0
B0882N32B1,asin,5.0
B0794WCYSX,asin,5.0
B07KC8NY2G,asin,5.0
B07XRT4TGN,asin,5.0
B07BSJCCYC,asin,5.0
B08BP5H271,asin,5.0
B08JPSDSQW,asin,5.0
B078H98J6V,asin,5.0
B08DRCDDWY,asin,5.0
B08CXP4L8B,asin,5.0
B07PPBD8V4,asin,5.0
B082G5DVXN,asin,5.0
B08833F4LB,asin,5.0
B082B3TZ69,asin,5.0
B08KGBJ8TT,asin,5.0
B08BKS6C1J,asin,5.0
B08F9Y71V6,asin,5.0
B08DNJ1TYX,asin,5.0
B0824QWVZD,asin,5.0
B07WT1FML2,asin,5.0
B07Y46VGC6,asin,5.0
B086D26NZL,asin,5.0
B08D398RT4,asin,5.0
B07ZFTK1NV,asin,5.0
B08M3ZRRFY,asin,5.0
B07M71KB4H,asin,5.0
B07XRNXTPF,asin,5.0
B08GCB4N8Y,asin,5.0
B07PHQ9DSQ,asin,5.0
B08BX7843Q,asin,5.0
B07TTGVDYL,asin,5.0
B076C22HVH,asin,5.0
B088GS6JJD,asin,5.0
B07G765KF6,asin,5.0
B089XC2MD4,asin,5.0
B08C7Q1ZSQ,asin,5.0
B08LL85DR7,asin,5.0
B08K2M72ST,asin,5.0
B06VY8CN1Y,asin,5.0
B07WTXGG1C,asin,5.0
B07DBVYZWX,asin,5.0
B08M6GQWJQ,asin,5.0
B07Z3CBVCG,asin,5.0
B08HT3N7YW,asin,5.0
B085LS2G55,asin,5.0
B088KRNS2Q,asin,5.0
B07H3VD828,asin,5.0
B075FCS9X4,asin,5.0
B08CKBSPVJ,asin,5.0
B0894F1SDR,asin,5.0
B08D7RZH79,asin,5.0
B08FBWQDZM,asin,5.0
B081H17WPF,asin,5.0
B08KY4GJHP,asin,5.0
B07RN11WGF,asin,5.0
B0881RQM3V,asin,5.0
B08CK9MGZ3,asin,5.0
B07GZ56FPQ,asin,5.0
B08M9FJ1C3,asin,5.0
B07QJ2NHW4,asin,5.0
B01LZ4716U,asin,5.0
B08HMNKK1K,asin,5.0
B08HS348H3,asin,5.0
B08KHZQ4FC,asin,5.0
B019H14242,asin,5.0
B08GCTW4TX,asin,5.0
B00X245LPA,asin,5.0
B07PVWM4HH,asin,5.0
B00US2169E,asin,5.0
B07JHWJCZ9,asin,5.0
B08D3WCG15,asin,5.0
B08MQJC6JF,asin,5.0
B07M8K9DG3,asin,5.0
B08NT31667,asin,5.0
B07CWL5YJ5,asin,5.0
B08JVG92L6,asin,5.0
B07CKF3LVR,asin,5.0
B08DQ8PVDG,asin,5.0
B07KQQDVLX,asin,5.0
B07FQT4DZ4,asin,5.0
B08NDDPJ4H,asin,5.0
B07WQ1Y9FB,asin,5.0
B0761RP3V1,asin,5.0
B08KVYRKTS,asin,5.0
B083DK5QGP,asin,5.0
B07VKLH54B,asin,5.0
B01MQD61Q9,asin,5.0
B00X21PHGQ,asin,5.0
B07HKKRZ7C,asin,5.0
B08L663RKM,asin,5.0
B076KKL7GZ,asin,5.0
B07ZCMT2C6,asin,5.0
B079226K35,asin,5.0
B081TTG14N,asin,5.0
B0813PK8N4,asin,5.0
B087JQG294,asin,5.0
B07ZDD6PYS,asin,5.0
B0894Y8C88,asin,5.0
B08D3DDYJK,asin,5.0
B08L3NHLCP,asin,5.0
B087HSPYXK,asin,5.0
B07WX9P1MQ,asin,5.0
B07DVQT6Q5,asin,5.0
B08K365FKV,asin,5.0
B07PZ6S24T,asin,5.0
B084V9PD1C,asin,5.0
B07VHFF5P5,asin,5.0
B08KFZ8S8D,asin,5.0
B07Y1BYXQ4,asin,5.0
B07W986JWH,asin,5.0
B08H4V19TR,asin,5.0
B07ZS8LTPY,asin,5.0
B08L2WZCFZ,asin,5.0
B07VF4BG94,asin,5.0
B08CDGKVFC,asin,5.0
B0828RCSJC,asin,5.0
B01M73HQPE,asin,5.0
B08277DWG3,asin,5.0
B08FFYT92W,asin,5.0
B083J36P4H,asin,5.0
B07KH1MH26,asin,5.0
B07MGC8Z5Y,asin,5.0
B08N46DQYS,asin,5.0
B08L6QN5DN,asin,5.0
B089ZV45DP,asin,5.0
B07X8H5BG2,asin,5.0
B07Q432JM9,asin,5.0
B07ZM938ZW,asin,5.0
B08L3DZFMT,asin,5.0
B07RST6P9Z,asin,5.0
B08B63DT8D,asin,5.0
B08MDQZFVR,asin,5.0
B01M0F64RU,asin,5.0
B07YZRTKZJ,asin,5.0
B08H1W5CCV,asin,5.0
B07TYVVYVF,asin,5.0
B07JN71W84,asin,5.0
B07G4FYWZ8,asin,5.0
B07Z7PKX89,asin,5.0
B01BERYEAE,asin,5.0
B000HHUP38,asin,5.0
B08K19Q9QM,asin,5.0
B08MKDDQN7,asin,5.0
B08G4VQHQ3,asin,5.0
B08LQH7P78,asin,5.0
B08J7D7RVX,asin,5.0
B085SVCKC8,asin,5.0
B01M1GH7PO,asin,5.0
B0744PCHMC,asin,5.0
B07MH2LNDY,asin,5.0
B08DLCK49D,asin,5.0
B075X6J3D3,asin,5.0
B07RPYDDQG,asin,5.0
B0764LYZNC,asin,5.0
B0798PVZZN,asin,5.0
B07XYLK3HK,asin,5.0
B08L4K5CLQ,asin,5.0
B07ZKVW6XR,asin,5.0
B07Y63TYLS,asin,5.0
B07PLJNBDQ,asin,5.0
B088414GCG,asin,5.0
B08KZXYW74,asin,5.0
B00ZYSZOQ8,asin,5.0
B07BQV3WS8,asin,5.0
B087X1WBTV,asin,5.0
B07TD17ZBD,asin,5.0
B07RXV2RPT,asin,5.0
B08NSZ8QFP,asin,5.0
B07WVTXLW8,asin,5.0
B08GC2CHHL,asin,5.0
B08MDYM5P4,asin,5.0
B08147CLWB,asin,5.0
B0894B3156,asin,5.0
B0882JPTKD,asin,5.0
B081TQZN99,asin,5.0
B07QNW866Z,asin,5.0
B07CRPRQPQ,asin,5.0
B07CYJL1NK,asin,5.0
B07ZCSLTLK,asin,5.0
B071L5SNS2,asin,5.0
B07DQC2NWY,asin,5.0
B08LD6ZX6B,asin,5.0
B07J4DCHG1,asin,5.0
B07KQJ9VDS,asin,5.0
B08NCKXHYJ,asin,5.0
B06WW5YNLC,asin,5.0
B07T8614QB,asin,5.0
B08HQGRVK1,asin,5.0
B08G83C4CQ,asin,5.0
B08GH762X2,asin,5.0
B0812KYJBX,asin,5.0
B08M37ZTM7,asin,5.0
B08N475V18,asin,5.0
B07Z9XK5SD,asin,5.0
B07ZVN42RW,asin,5.0
B08LGFFMW4,asin,5.0
B07XXZ4MLK,asin,5.0
B08HCX6NRD,asin,5.0
B075MRXGD6,asin,5.0
B07DGLYC4S,asin,5.0
B07XHPK5KP,asin,5.0
B07XX4LXHM,asin,5.0
B07KF5KPD8,asin,5.0
B084ZWNQB3,asin,5.0
B08G4LBB2K,asin,5.0
B01J38QUNK,asin,5.0
B08362CQMR,asin,5.0
B08P2R62KD,asin,5.0
B075CPHTJ9,asin,5.0
B07W5T5M9H,asin,5.0
B07K3ZT4RS,asin,5.0
B07PHCL1P3,asin,5.0
B07SNCNW54,asin,5.0
B06XK6NGFV,asin,5.0
B07C8BBR4G,asin,5.0
B07VKJ3GXJ,asin,5.0
B07VQFZKTF,asin,5.0
B07CY4MLV1,asin,5.0
B07VCMGQ8R,asin,5.0
B08KGL8VNH,asin,5.0
B08LD83B3M,asin,5.0
B07PR3MPFR,asin,5.0
B0864LNQ3K,asin,5.0
B0813181JL,asin,5.0
B07Z3LZ1DH,asin,5.0
B07H91VH5T,asin,5.0
B07PGJJ5FH,asin,5.0
B07SN9SF54,asin,5.0
B08M9MM2XP,asin,5.0
B07JFXG7L7,asin,5.0
B08D6PS3GP,asin,5.0
B088TVSWB8,asin,5.0
B08CKRFQLT,asin,5.0
B07R4H3JKD,asin,5.0
B08K49JNQH,asin,5.0
B08HLZFT2R,asin,5.0
B07JVFP3N3,asin,5.0
B07WJKY7GL,asin,5.0
B07SS33TZF,asin,5.0
B08DQQBDDV,asin,5.0
B01F5L1F66,asin,5.0
B01AW2FNI4,asin,5.0
B08DSHX8WB,asin,5.0
B08LFW79LH,asin,5.0
B0882VVD6J,asin,5.0
B07K58X7SH,asin,5.0
B07RZCZBF5,asin,5.0
B07RBRRD89,asin,5.0
B0875LZT2F,asin,5.0
B07HMMP5RC,asin,5.0
B07J2M2GJ3,asin,5.0
B07Z8LZ66J,asin,5.0
B08151M9BY,asin,5.0
B07NCFSMWY,asin,5.0
B08NFSFNWX,asin,5.0
B07JPFBC2H,asin,5.0
B07961F3WV,asin,5.0
B07HNGYB94,asin,5.0
B089SBQM3X,asin,5.0
B08662ZM4J,asin,5.0
B07GQ7PPVH,asin,5.0
B0894MQ3Q1,asin,5.0
B076CLKKS1,asin,5.0
B086W6GTFX,asin,5.0
B07SM9GBHP,asin,5.0
B08HLLR7S5,asin,5.0
B08M65GC3Z,asin,5.0
B08JYDY75L,asin,5.0
B013X0MYN4,asin,5.0
B08L685CGK,asin,5.0
B08BZSGC77,asin,5.0
B08H2699VN,asin,5.0
B07HMV5D7P,asin,5.0
B075MQPRQL,asin,5.0
B08KGPSP22,asin,5.0
B0854Q749C,asin,5.0
B076C79RQ5,asin,5.0
B083WQG1VF,asin,5.0
B08D69HQVW,asin,5.0
B06Y3XWTFQ,asin,5.0
B08DR7P4W8,asin,5.0
B08FYCBDTC,asin,5.0
B07JGJS416,asin,5.0
B07STNSQ5T,asin,5.0
B07GZQZ9L5,asin,5.0
B075X6CQK8,asin,5.0
B07X575LWD,asin,5.0
B08F3FR44M,asin,5.0
B07FXDZFNC,asin,5.0
B089XHWCZK,asin,5.0
B01JCPWFJW,asin,5.0
B08G1HYPD6,asin,5.0
B08C54YSBW,asin,5.0
B08GHZV6X3,asin,5.0
B07TBRQF7V,asin,5.0
B08MKQ81XY,asin,5.0
B07PPB9TP1,asin,5.0
B07JKKB6DP,asin,5.0
B08L7XRKXN,asin,5.0
B07CL3DKRT,asin,5.0
B07Q7XSPTR,asin,5.0
B07W51GZNH,asin,5.0
B08JLSY29K,asin,5.0
B07BT3FHPW,asin,5.0
B07F12QMV9,asin,5.0
B07SJKY9VW,asin,5.0
B08HCVLP8R,asin,5.0
B08635THJC,asin,5.0
B08GHFYNKP,asin,5.0
B07W4689CF,asin,5.0
B07PWD1DHQ,asin,5.0
B07FN2M377,asin,5.0
B08HWS86WR,asin,5.0
B085Q4KS41,asin,5.0
B07VWLD7K4,asin,5.0
B07H5XCJQ7,asin,5.0
B01KC6YX86,asin,5.0
B084LN84XV,asin,5.0
B07PGJPP2S,asin,5.0
B08JC8KVJK,asin,5.0
B08CXGXHJW,asin,5.0
B07BKX7T6F,asin,5.0
B07NY77WK8,asin,5.0
B071LTK1JS,asin,5.0
B085T7MB26,asin,5.0
B074SP3RFY,asin,5.0
B08FBKGM8J,asin,5.0
B073WVHTXL,asin,5.0
B089X7CNNC,asin,5.0
B08KS3C978,asin,5.0
B07X2NSV5C,asin,5.0
B07DVKFX5H,asin,5.0
B085T8GSYB,asin,5.0
B07CS2ZCVH,asin,5.0
B076VC8CG5,asin,5.0
B07XQ8F8HS,asin,5.0
B08DTCLMWR,asin,5.0
B0787DH9VD,asin,5.0
B08LNW9RYN,asin,5.0
B07HHTK6WJ,asin,5.0
B07ZR2JZ5F,asin,5.0
B07L6L2PJ4,asin,5.0
B086TRDX65,asin,5.0
B00NNXX8SW,asin,5.0
B01MFFWA39,asin,5.0
B08GS4H96Z,asin,5.0
B07YGV1P91,asin,5.0
B08H52CZQ2,asin,5.0
B0894YG326,asin,5.0
B07T64VGQL,asin,5.0
B07L975MJJ,asin,5.0
B08H87CXL1,asin,5.0
B07ZP6CL26,asin,5.0
B08DTYDJ5L,asin,5.0
B01MZ4UZL0,asin,5.0
B07YBXPL35,asin,5.0
B07N319F4J,asin,5.0
B08J7NWSWC,asin,5.0
B08D91BXYB,asin,5.0
B07HFJN6JH,asin,5.0
B07K6LQK3W,asin,5.0
B088TWDR78,asin,5.0
B07MCDHPHY,asin,5.0
B07Y32BGZK,asin,5.0
B07WWKYFHQ,asin,5.0
B07YC91HMZ,asin,5.0
B08FJHXSX5,asin,5.0
B07PQCP96D,asin,5.0
B07Z9BGFZB,asin,5.0
B08JHZY3K8,asin,5.0
B07PGTNNMY,asin,5.0
B08KT4Y5ND,asin,5.0
B08GSQ86ZB,asin,5.0
B06Y1HWW99,asin,5.0
B015RTQ9WG,asin,5.0
B07PGPK4ZH,asin,5.0
B08863JWWS,asin,5.0
B089KCCD8K,asin,5.0
B088KRZY6B,asin,5.0
B07RT7VLPS,asin,5.0
B01MXTDP24,asin,5.0
B017LL8SMW,asin,5.0
B07ZPPY256,asin,5.0
B07WJZWLSW,asin,5.0
B07MYWMQPG,asin,5.0
B07WJZW9JG,asin,5.0
B08G4TSZT5,asin,5.0
B0795ZB3VT,asin,5.0
B004IPQPPM,asin,5.0
B07KPTTLL6,asin,5.0
B07SJ5X56V,asin,5.0
B07C633752,asin,5.0
B01M35CW10,asin,5.0
B08CK26W7W,asin,5.0
B07LBPK3HJ,asin,5.0
B0864KS955,asin,5.0
B08C2Q2V1M,asin,5.0
B07V84L7BB,asin,5.0
B08LVLX33K,asin,5.0
B08GC5ZKP9,asin,5.0
B08JK7443Y,asin,5.0
B07GX3ZFGQ,asin,5.0
B07CLMPFLD,asin,5.0
B07NCFM93V,asin,5.0
B07MZ15K8V,asin,5.0
B07D335XWJ,asin,5.0
B074DX4RYL,asin,5.0
B08GPVG853,asin,5.0
B088439CH4,asin,5.0
B012P10QVY,asin,5.0
B01N1VHFN6,asin,5.0
B089LT2VQ8,asin,5.0
B0788X1DT9,asin,5.0
B08GSDB2G6,asin,5.0
B077G9CKY3,asin,5.0
B07XYRCP5T,asin,5.0
B01BTGI4ZG,asin,5.0
B078HPLGXT,asin,5.0
B07FTKXNWH,asin,5.0
B00ZC305RI,asin,5.0
B073R927FP,asin,5.0
B07Y9X7P97,asin,5.0
B08BJN44WR,asin,5.0
B083BV4MN1,asin,5.0
B088QH9Z3V,asin,5.0
B085LCS16B,asin,5.0
B08BJZS7ZP,asin,5.0
B07T6XLFV7,asin,5.0
B08DCRZDYN,asin,5.0
B07HHSX6B7,asin,5.0
B085SW1D8J,asin,5.0
B083XDLXT6,asin,5.0
B08HHKPVCQ,asin,5.0
B07X2JDS8T,asin,5.0
B0817PK32V,asin,5.0
B07BNMWL3R,asin,5.0
B06Y5CSS3B,asin,5.0
B0881W82BD,asin,5.0
B08F549Y2Z,asin,5.0
B08LCVSXKS,asin,5.0
B07YYV5361,asin,5.0
B07ZK75TSV,asin,5.0
B08DFH9FB8,asin,5.0
B079617Z9Y,asin,5.0
B08CKM1YY2,asin,5.0
B078Q3LHWB,asin,5.0
B08J1QSBK4,asin,5.0
B077K6JRBR,asin,5.0
B08LFZB2G6,asin,5.0
B07NDL35KG,asin,5.0
B07M6CXFDV,asin,5.0
B07VPZ4MJX,asin,5.0
B01F78TEOM,asin,5.0
B07ZMX61L5,asin,5.0
B07GP1TT93,asin,5.0
B07CBYFKNV,asin,5.0
B07YNL44MK,asin,5.0
B0894PC4GZ,asin,5.0
B07H991SBF,asin,5.0
B07FXWVT1S,asin,5.0
B07RBLMG2W,asin,5.0
B08JKT5CR3,asin,5.0
B071Y2YW5J,asin,5.0
B07Y1PW7BV,asin,5.0
B07P23FHWT,asin,5.0
B06Y28N9QF,asin,5.0
B082FC4PNH,asin,5.0
B07QBDC36Y,asin,5.0
B078H1T7MX,asin,5.0
B08KT43MKT,asin,5.0
B0861PZ7QM,asin,5.0
B07322LL6W,asin,5.0
B0881KX6SV,asin,5.0
B0871C7WR6,asin,5.0
B07XQ78VJH,asin,5.0
B07YZ5C98Q,asin,5.0
B08GQH21G9,asin,5.0
B07S67RLN4,asin,5.0
B07PDSGNTJ,asin,5.0
B07KVY2349,asin,5.0
B08CHDR2N2,asin,5.0
B06XRZSC8K,asin,5.0
B08F7326ZK,asin,5.0
B07V9RQY9F,asin,5.0
B08MXBCFH2,asin,5.0
B087ZFJQ7S,asin,5.0
B07XNPLWPN,asin,5.0
B07X8QV6XV,asin,5.0
B06XBZXR6F,asin,5.0
B07HJYMCGG,asin,5.0
B0819CHFQB,asin,5.0
B08GSPBN2S,asin,5.0
B08H53M94K,asin,5.0
B083VW1YGR,asin,5.0
B08JG9NF7D,asin,5.0
B013R8EQOW,asin,5.0
B07CBZPS6Q,asin,5.0
B088FM1KGG,asin,5.0
B085T2X7L2,asin,5.0
B08D8XC2TN,asin,5.0
B08JSFF42H,asin,5.0
B08GG7HZ8G,asin,5.0
B07W6D3ZXP,asin,5.0
B018FQVLQC,asin,5.0
B085VY58TS,asin,5.0
B082XYWYSB,asin,5.0
B01KW1L8HK,asin,5.0
B07XXQLD93,asin,5.0
B07YSGTZKL,asin,5.0
B08GPVV21R,asin,5.0
B07Z5MD3LH,asin,5.0
B08BTZ49MC,asin,5.0
B08GMDS99J,asin,5.0
B07KF27439,asin,5.0
B07XDYF4FJ,asin,5.0
B08F56G3ZV,asin,5.0
B07D6N2X6F,asin,5.0
B086B85ZB1,asin,5.0
B06XP1SGDJ,asin,5.0
B08DMSSVLY,asin,5.0
B08FFJ7RD9,asin,5.0
B08N6FVDRG,asin,5.0
B0882MD7MJ,asin,5.0
B086WPZQZV,asin,5.0
B07NCDYY15,asin,5.0
B07WZ7SJWB,asin,5.0
B07X29D83T,asin,5.0
B081C8XSDP,asin,5.0
B08KD653MX,asin,5.0
B08JLGCS88,asin,5.0
B082WZG3JR,asin,5.0
B088WM5DX4,asin,5.0
B082V8YF5B,asin,5.0
B0161WC4WC,asin,5.0
B07VSHGD5Z,asin,5.0
B08HQDJ484,asin,5.0
B083X7BTRV,asin,5.0
B0864KP67C,asin,5.0
B07B675LV3,asin,5.0
B08K2YST8W,asin,5.0
B08HPH84XB,asin,5.0
B08F4BQJPG,asin,5.0
B0166OJMIO,asin,5.0
B08FM9J4FV,asin,5.0
B087MVYYDJ,asin,5.0
B07CS2636W,asin,5.0
B08K929Z3W,asin,5.0
B07QPQLVX6,asin,5.0
B08DG1P2DT,asin,5.0
B07GVM6RBP,asin,5.0
B07JJ3H2TX,asin,5.0
B08M9126TP,asin,5.0
B0883YGN1T,asin,5.0
B01LYQTWH7,asin,5.0
B08GBXTQW3,asin,5.0
B087V7NDP5,asin,5.0
B087J7TR3G,asin,5.0
B08F9CJ5PP,asin,5.0
B07RYVHHVL,asin,5.0
B07VFZNPSW,asin,5.0
B07JHRJQR7,asin,5.0
B07D4JLJ83,asin,5.0
B07WC538F1,asin,5.0
B07F7S39HQ,asin,5.0
B07WFC4T2H,asin,5.0
B08NT49D3Z,asin,5.0
B0825SVD97,asin,5.0
B08D39FL2L,asin,5.0
B08F5C1FRJ,asin,5.0
B014WBWLKO,asin,5.0
B06W9LKQ5Y,asin,5.0
B01M3Q2YTB,asin,5.0
B088TW9CHC,asin,5.0
B07FCW2F9G,asin,5.0
B075XQV14W,asin,5.0
B01M8QGEC0,asin,5.0
B012ZYCUWY,asin,5.0
B088TVYVKT,asin,5.0
B007C2PVTO,asin,5.0
B075FGJ951,asin,5.0
B08DHD6P2K,asin,5.0
B07CSQJCF6,asin,5.0
B08B4GK3M4,asin,5.0
B083QX1CPP,asin,5.0
B00JL5FEL0,asin,5.0
B08F9HNB5N,asin,5.0
B078B9KNV5,asin,5.0
B08FJ6J36R,asin,5.0
B08LH63F13,asin,5.0
B07XYX53W4,asin,5.0
B0824YX4BZ,asin,5.0
B08H8F99R9,asin,5.0
B079DLLPQ2,asin,5.0
B085NBMVVD,asin,5.0
B017NT1UFY,asin,5.0
B08GBZQTJW,asin,5.0
B08GCV1W3J,asin,5.0
B0795YWQKP,asin,5.0
B08373SVKB,asin,5.0
B08CQQQYNX,asin,5.0
B07Y1J26RQ,asin,5.0
B07K42CZT5,asin,5.0
B07P1CJXDP,asin,5.0
B08F7JBKF9,asin,5.0
B087FW6H35,asin,5.0
B07QM2CMSF,asin,5.0
B08L3L658J,asin,5.0
B07DRGJK8J,asin,5.0
B08L66H3H4,asin,5.0
B082R194MV,asin,5.0
B08CXQ4GNX,asin,5.0
B00UY2YGI6,asin,5.0
B08F55GLZL,asin,5.0
B085BKR56W,asin,5.0
B00WU0O09K,asin,5.0
B08KCW5LXN,asin,5.0
B07MVH5BH1,asin,5.0
B0868W5YKC,asin,5.0
B081XXDNCM,asin,5.0
B07NLCYY7R,asin,5.0
B08DWMMB6P,asin,5.0
B01MXNVGZI,asin,5.0
B07T6S62V9,asin,5.0
B08NP3446R,asin,5.0
B07W4DZXY3,asin,5.0
B0834T86HN,asin,5.0
B07TYCRMY1,asin,5.0
B07Y7MC721,asin,5.0
B08KZW2NYV,asin,5.0
B00ND87BZS,asin,5.0
B08MW4JV2J,asin,5.0
B011Z9EC44,asin,5.0
B07HFPXV4K,asin,5.0
B01IA631YM,asin,5.0
B08138X1R8,asin,5.0
B07GRJCRQ8,asin,5.0
B017NBPRPQ,asin,5.0
B085QBCD2C,asin,5.0
B01MY2B8C3,asin,5.0
B07NTXG81C,asin,5.0
B00TKXHT0C,asin,5.0
B07LBJ84YH,asin,5.0
B07KC8TP6N,asin,5.0
B07R12YCX8,asin,5.0
B07D5VJJ9S,asin,5.0
B07H6B8BF3,asin,5.0
B01HN9OXVW,asin,5.0
B07N1VJB1Z,asin,5.0
B07JHW4Y2J,asin,5.0
B08CVVFQBF,asin,5.0
B08H8893V3,asin,5.0
B074LHZYTV,asin,5.0
B07QXGS5GJ,asin,5.0
B08J7FJYDH,asin,5.0
B08MVQTK8D,asin,5.0
B08NG9M5K3,asin,5.0
B07548KLYT,asin,5.0
B08H28VV7S,asin,5.0
B07XPR92SR,asin,5.0
B01N06VG7T,asin,5.0
B07P5JCG8H,asin,5.0
B079J323RJ,asin,5.0
B07H5HTCTZ,asin,5.0
B08DN9VJRM,asin,5.0
B07KPS38ST,asin,5.0
B08CNPHBK5,asin,5.0
B0875VB225,asin,5.0
B07N9PP5WG,asin,5.0
B08GSDVTXS,asin,5.0
B0861Z7LK1,asin,5.0
B07XL2DWVV,asin,5.0
B0722NM7KP,asin,5.0
B08GFRKCKG,asin,5.0
B07RWBTBS6,asin,5.0
B08F3M6B2N,asin,5.0
B08MY1PGFY,asin,5.0
B081TTVJ2P,asin,5.0
B07RTBZFT9,asin,5.0
B074DXP418,asin,5.0
B07NDK9918,asin,5.0
B07G1M4ZRQ,asin,5.0
B08JGQ7V78,asin,5.0
B0772W8DCM,asin,5.0
B08NJD5B91,asin,5.0
B01I0YJRWY,asin,5.0
B07DJBHHVP,asin,5.0
B08J1L2QNP,asin,5.0
B07VHYJXZG,asin,5.0
B08CK9WC4G,asin,5.0
B07SB4HX9M,asin,5.0
B08M5DQ2X9,asin,5.0
B01M0X9VLW,asin,5.0
B07WT99F7V,asin,5.0
B08C9JLVN4,asin,5.0
B00RVP7LVS,asin,5.0
B08G8B94N6,asin,5.0
B08KFHK7SJ,asin,5.0
B07MLH6HVK,asin,5.0
B07S63XSNJ,asin,5.0
B07GG55N6T,asin,5.0
B07H2X4BT7,asin,5.0
B089Y6NGZZ,asin,5.0
B08FKPGPQ2,asin,5.0
B085TP4M6Y,asin,5.0
B00WE4I3E0,asin,5.0
B0744F771Y,asin,5.0
B010157TB6,asin,5.0
B07FR7936P,asin,5.0
B08D69L2J4,asin,5.0
B07Q42PG4F,asin,5.0
B01M8QGCB7,asin,5.0
B0781ZTCR8,asin,5.0
B01DC5HTTE,asin,5.0
B077V99KX9,asin,5.0
B07X52RM2M,asin,5.0
B07H3NJVTL,asin,5.0
B0814BKNYX,asin,5.0
B08DRQ7P2J,asin,5.0
B08G8619VS,asin,5.0
B07VWG9HDT,asin,5.0
B07R95CKPC,asin,5.0
B08P5CYRNZ,asin,5.0
B07JNQX2VZ,asin,5.0
B087TMH2TJ,asin,5.0
B08DY66GCP,asin,5.0
B084LRM9ZW,asin,5.0
B07Y2Y9324,asin,5.0
B07FMKZ6TJ,asin,5.0
B01M6WAL83,asin,5.0
B07Q55GJBF,asin,5.0
B08MXCW5HW,asin,5.0
B087HVDFD7,asin,5.0
B00BEC8MGC,asin,5.0
B08BP658B8,asin,5.0
B08JCCPR3J,asin,5.0
B08NHR7GN6,asin,5.0
B082H68GP4,asin,5.0
B08KW1HVZY,asin,5.0
B07XFK69H6,asin,5.0
B08M9HLYJZ,asin,5.0
B08H5BCXZ9,asin,5.0
B08GBKDVYZ,asin,5.0
B07PVNVB4K,asin,5.0
B0836KNZDJ,asin,5.0
B08KD5WS6H,asin,5.0
B088FL5DL7,asin,5.0
B085TB5DVF,asin,5.0
B088TWDHKX,asin,5.0
B01MPY2ULJ,asin,5.0
B07HN1N1VJ,asin,5.0
B07V2ZLZBY,asin,5.0
B08D62169L,asin,5.0
B07PDKTN7C,asin,5.0
B00390GPMU,asin,5.0
B07LBZBWZC,asin,5.0
B086JN24D9,asin,5.0
B07J4VD1CY,asin,5.0
B08B4F7T5H,asin,5.0
B0772YW7NZ,asin,5.0
B07R4XN2H1,asin,5.0
B08CMX5CG9,asin,5.0
B081J2M3FQ,asin,5.0
B078GSS2MC,asin,5.0
B08148J8MM,asin,5.0
B07R51BDCX,asin,5.0
B085HMJB96,asin,5.0
B07C4W36CQ,asin,5.0
B06ZYJ22JV,asin,5.0
B07P632YDS,asin,5.0
B01MU2QBW0,asin,5.0
B07ZPQ5V7V,asin,5.0
B07CYKPWDY,asin,5.0
B08MC2QQX3,asin,5.0
B07T512V8G,asin,5.0
B072J4QNJ6,asin,5.0
B08BZBM4HH,asin,5.0
B07GF67WWL,asin,5.0
B082XF3SPG,asin,5.0
B07R5CDGVY,asin,5.0
B077CWCWC1,asin,5.0
B001V9HKLG,asin,5.0
B0812L2G2R,asin,5.0
B07KTCXNVS,asin,5.0
B07GZ6TVFV,asin,5.0
B00U0ZG3XI,asin,5.0
B08GCD3GPB,asin,5.0
B0817XZYCY,asin,5.0
B07JDGQLW8,asin,5.0
B07FM57JPR,asin,5.0
B01HP5SBDU,asin,5.0
B075XQN6G5,asin,5.0
B074VF9SK5,asin,5.0
B074NXCVDB,asin,5.0
B0822HWWY2,asin,5.0
B0817JYN35,asin,5.0
B0814BT22Z,asin,5.0
B08HM6WRP8,asin,5.0
B08FFJQM63,asin,5.0
B08GG3CSVP,asin,5.0
B07WDYFKNT,asin,5.0
B08FX55VMV,asin,5.0
B082T3QHW4,asin,5.0
B076MGVC56,asin,5.0
B087HM7VHX,asin,5.0
B07KG2G76R,asin,5.0
B07PXH5L2S,asin,5.0
B08GMCF9FY,asin,5.0
B08HCXXVCQ,asin,5.0
B01D3MOS9A,asin,5.0
B079997T5P,asin,5.0
B08L7G7B7L,asin,5.0
B08846FP4T,asin,5.0
B08NCLLMY9,asin,5.0
B07PVCJXCG,asin,5.0
B08LPD7HD8,asin,5.0
B075GDQXXX,asin,5.0
B07VZFC36V,asin,5.0
B07MG3S48S,asin,5.0
B07CRX7SL5,asin,5.0
B08FLHM6QZ,asin,5.0
B0777GYSX2,asin,5.0
B08L7R5196,asin,5.0
B00LTOQI3Y,asin,5.0
B08CVQFVQ1,asin,5.0
B08CSJ19DZ,asin,5.0
B082KBTMJ5,asin,5.0
B07Z65HBYN,asin,5.0
B08L32D4BD,asin,5.0
B08HVH47K6,asin,5.0
B08DR75LR7,asin,5.0
B07HCTP352,asin,5.0
B01MG75K4S,asin,5.0
B08CKDHBJ6,asin,5.0
B08FJ91VVC,asin,5.0
B08CRMYW2V,asin,5.0
B07PJYN3RN,asin,5.0
B077Z1F697,asin,5.0
B07MY1ZTDB,asin,5.0
B07H5XC6YB,asin,5.0
B08BP77K9J,asin,5.0
B08LN65RXF,asin,5.0
B089K3D2JN,asin,5.0
B08C575CZT,asin,5.0
B08DND9X3L,asin,5.0
B07Z2KQ3KS,asin,5.0
B07SY88P5F,asin,5.0
B07SZ6J6C6,asin,5.0
B08JV3N85J,asin,5.0
B08FD6NFB9,asin,5.0
B08HSGYTTL,asin,5.0
B07F8BY8QL,asin,5.0
B08LSJQ144,asin,5.0
B07GT11RWW,asin,5.0
B07YDXWD5F,asin,5.0
B077SLRMZ6,asin,5.0
B084DTL9KM,asin,5.0
B07ZPLGL7Q,asin,5.0
B085PVCF47,asin,5.0
B019DN3CKE,asin,5.0
B07D11F42M,asin,5.0
B07MPXGRJD,asin,5.0
B08KRLYPRS,asin,5.0
B00HVPV9XE,asin,5.0
B07Z8ZSCJJ,asin,5.0
B083XB2JY6,asin,5.0
B006LFFH2E,asin,5.0
B08CJ2ZZB6,asin,5.0
B00X22Q4LM,asin,5.0
B07QJWXW61,asin,5.0
B07GT66CQ3,asin,5.0
B07XKVWMHZ,asin,5.0
B082WSWT1C,asin,5.0
B081TZBCZ1,asin,5.0
B07K8DXH9L,asin,5.0
B07GWNCMQQ,asin,5.0
B08HLW7SWG,asin,5.0
B088TXBH99,asin,5.0
B07THCJ35G,asin,5.0
B085YDZ13Y,asin,5.0
B08K6Y7CG8,asin,5.0
B085VH657V,asin,5.0
B071HWBZX1,asin,5.0
B078WPRLK8,asin,5.0
B075XQN6D5,asin,5.0
B00MU0VKFC,asin,5.0
B08DFSSHDB,asin,5.0
B07JDNZW5X,asin,5.0
B08P5M9G8B,asin,5.0
B087WYVZHJ,asin,5.0
B07Z3B6WV3,asin,5.0
B01M0ABBRP,asin,5.0
B079K97HH2,asin,5.0
B088CZ77KP,asin,5.0
B08JLF412J,asin,5.0
B07JG46XRK,asin,5.0
B001GIPD3Y,asin,5.0
B07KLS18QD,asin,5.0
B087R5QFHJ,asin,5.0
B07VGTD7QX,asin,5.0
B017PWG1IA,asin,5.0
B08DCVNCQR,asin,5.0
B089SS7YVN,asin,5.0
B088TVVQNT,asin,5.0
B089HY6QQR,asin,5.0
B081YFLPT4,asin,5.0
B01DPGKOXI,asin,5.0
B07PHNZBPN,asin,5.0
B08H1YCFGV,asin,5.0
B07YVF93V4,asin,5.0
B074H2DNXQ,asin,5.0
B07XCZFZQS,asin,5.0
B07QG9QZG7,asin,5.0
B07MBV5CQQ,asin,5.0
B088BCVQ2X,asin,5.0
B015VVHDGQ,asin,5.0
B06XSK12RV,asin,5.0
B07WH6Q7WS,asin,5.0
B01JUH2T0W,asin,5.0
B08J9X9J3T,asin,5.0
B07FNWF9HS,asin,5.0
B01D900QYM,asin,5.0
B07J5VS7YG,asin,5.0
B07XQYMFPS,asin,5.0
B08KT11WH5,asin,5.0
B07XYWCZVL,asin,5.0
B08D8JQR2W,asin,5.0
B08L4K46MP,asin,5.0
B07WZL68CN,asin,5.0
B07MH6BMKH,asin,5.0
B071R92364,asin,5.0
B08FX7NN7B,asin,5.0
B07NCG2CJV,asin,5.0
B08DCGRX26,asin,5.0
B08G8JH968,asin,5.0
B07HJZ7WTB,asin,5.0
B08LGT44FW,asin,5.0
B0166OJMJI,asin,5.0
B082WDZ3H2,asin,5.0
B07HMHVJN1,asin,5.0
B08FY73Q99,asin,5.0
B07X95P9PF,asin,5.0
B07SQ2GDJK,asin,5.0
B08CCPR1L4,asin,5.0
B0876TPWVN,asin,5.0
B07CH425DC,asin,5.0
B08HK64TW9,asin,5.0
B0825SFG1D,asin,5.0
B00C40Y1V8,asin,5.0
B00AWY8BYQ,asin,5.0
B0835VVZTY,asin,5.0
B08M5PH8K7,asin,5.0
B07G166LW8,asin,5.0
B08K8TCFD3,asin,5.0
B07GCKM9FH,asin,5.0
B07ZR8PN3X,asin,5.0
B0763MHJ2F,asin,5.0
B08FM67JM3,asin,5.0
B08HVKSLCB,asin,5.0
B07S4MC1N3,asin,5.0
B08HH8HP98,asin,5.0
B082YRY649,asin,5.0
B08CGR93GT,asin,5.0
B0814SGZ2X,asin,5.0
B07S1NFKC9,asin,5.0
B00IIJ8OLC,asin,5.0
B083SLSSSF,asin,5.0
B08DY9DNBT,asin,5.0
B085TCK3R3,asin,5.0
B07GXR3RPM,asin,5.0
B08J3R8S6D,asin,5.0
B07X7K29G9,asin,5.0
B0882WBYYR,asin,5.0
B07QL4V4TB,asin,5.0
B07QMNR68K,asin,5.0
B01N96NA35,asin,5.0
B072JN2X6D,asin,5.0
B08DNRLPDR,asin,5.0
B08FM6QL2L,asin,5.0
B08HXTDQLG,asin,5.0
B0814BHZYD,asin,5.0
B08HJM489X,asin,5.0
B0757M7C5D,asin,5.0
B08MJGJ9DX,asin,5.0
B08LPGL5NW,asin,5.0
B07798PR1X,asin,5.0
B07XKYZPSC,asin,5.0
B08BQVG2VM,asin,5.0
B00ND88TXQ,asin,5.0
B07CS1S18K,asin,5.0
B07VPRNFBL,asin,5.0
B08F52QRYG,asin,5.0
B002SSTLZC,asin,5.0
B07X39MTWJ,asin,5.0
B08HCPKKF9,asin,5.0
B08CY5X13S,asin,5.0
B07T2Z6BKN,asin,5.0
B07X3VKQHG,asin,5.0
B075Z24GR9,asin,5.0
B07CYJ88GV,asin,5.0
B018I93VRI,asin,5.0
B08HGMDTKH,asin,5.0
B01NCLIRX3,asin,5.0
B0793JV428,asin,5.0
B08NVXJ1XR,asin,5.0
B07JG37V46,asin,5.0
B08DL56Q69,asin,5.0
B083RTFQD6,asin,5.0
B088NLHJ74,asin,5.0
B0884BN89H,asin,5.0
B07VB1M12W,asin,5.0
B08LSCT71V,asin,5.0
B07HFPXYQK,asin,5.0
B07R5M39VH,asin,5.0
B08F1W1QCH,asin,5.0
B07B5Q2S5M,asin,5.0
B07F9T5XQM,asin,5.0
B08DCTXRHC,asin,5.0
B07DH55FTM,asin,5.0
B08LVXYV1N,asin,5.0
B088T81LYF,asin,5.0
B07W4K2S57,asin,5.0
B07D7YXKZ9,asin,5.0
B07G375J9H,asin,5.0
B08DV1DD3J,asin,5.0
B06XRYWT5S,asin,5.0
B08GQQSJ9S,asin,5.0
B07YCQYVTG,asin,5.0
B0786TZVJC,asin,5.0
B0882LP6G2,asin,5.0
B08JCXH36S,asin,5.0
B08BF95QM5,asin,5.0
B085T98T35,asin,5.0
B07G5C125G,asin,5.0
B08FZWTQP5,asin,5.0
B08C59VX3G,asin,5.0
B077Q7C18Y,asin,5.0
B085TC8FGF,asin,5.0
B00DY7UGM8,asin,5.0
B00JYC18AG,asin,5.0
B08LKF2W2M,asin,5.0
B07SM2Z4JN,asin,5.0
B07VNYTF4B,asin,5.0
B07JPZZFJB,asin,5.0
B07YKB6C22,asin,5.0
B07XXLW2YK,asin,5.0
B08JTDFVW2,asin,5.0
B082NTC94L,asin,5.0
B08F3J1XTS,asin,5.0
B00US1E5KC,asin,5.0
B08KDW48PL,asin,5.0
B07VNDMQGL,asin,5.0
B07CKWPBKT,asin,5.0
B07NH4GHJP,asin,5.0
B08CC3QPCL,asin,5.0
B0749BYGSJ,asin,5.0
B07S67MMYC,asin,5.0
B08G11H96T,asin,5.0
B08HCQYXVK,asin,5.0
B07TBM4TBR,asin,5.0
B00FZWJWVG,asin,5.0
B08JGBZ9Y9,asin,5.0
B082FLRV8W,asin,5.0
B0797PNQF9,asin,5.0
B00AWY8CFE,asin,5.0
B07ZCWMQRG,asin,5.0
B07CHCLK7X,asin,5.0
B07CJPFHG4,asin,5.0
B07TCF47GP,asin,5.0
B074SFKYLY,asin,5.0
B00Q8Q34BW,asin,5.0
B084RRCKPK,asin,5.0
B08F22G9JN,asin,5.0
B08GC2KY3T,asin,5.0
B07W3XTYNT,asin,5.0
B088TWCGK3,asin,5.0
B07KP4N3TH,asin,5.0
B08FFQV1YK,asin,5.0
B08J7MGLZ2,asin,5.0
B089N1PGYH,asin,5.0
B081GB34T4,asin,5.0
B07TH572R2,asin,5.0
B088HD1GJ2,asin,5.0
B08CKP6P53,asin,5.0
B07MV51WKN,asin,5.0
B07G83V13G,asin,5.0
B07Y7LV32K,asin,5.0
B07J4YCQ9Z,asin,5.0
B07YB3BFKD,asin,5.0
B08115K4GD,asin,5.0
B00WA9WEPS,asin,5.0
B084D4NLWM,asin,5.0
B07G5C2ZNP,asin,5.0
B06XJRXVGD,asin,5.0
B00ASPBTY8,asin,5.0
B08G137M1J,asin,5.0
B0744PJH6W,asin,5.0
B08835ZM35,asin,5.0
B082DYT8KL,asin,5.0
B07K37TVPZ,asin,5.0
B07T2LPC6M,asin,5.0
B07VGB6J6W,asin,5.0
B0842QQD3M,asin,5.0
B08DRDYHZ6,asin,5.0
B01DKUTE94,asin,5.0
B07GF5V69L,asin,5.0
B07SRSFPMW,asin,5.0
B07531NS4Y,asin,5.0
B08BX85X37,asin,5.0
B08J25H931,asin,5.0
B08DFH6Y6T,asin,5.0
B00IN9ZRZ8,asin,5.0
B079C7XRHQ,asin,5.0
B07VLPM6C5,asin,5.0
B088W45W1H,asin,5.0
B075F3HFZ7,asin,5.0
B07V9FBFRF,asin,5.0
B08CKK33K2,asin,5.0
B07Q5LD9MH,asin,5.0
B0763PTQY2,asin,5.0
B07QXF16X7,asin,5.0
B08K2J3V4W,asin,5.0
B07YWNRXV9,asin,5.0
B07GG1WM8Q,asin,5.0
B075D7Q6Q7,asin,5.0
B08M61YPJB,asin,5.0
B07BFP8N5K,asin,5.0
B07WMNSY4M,asin,5.0
B073DGZBM9,asin,5.0
B015FAVAMQ,asin,5.0
B08DNX2XGB,asin,5.0
B08CL2KRNF,asin,5.0
B07CYFGSZ5,asin,5.0
B01IJNBZP8,asin,5.0
B08HLHQT5R,asin,5.0
B07JF2LD11,asin,5.0
B089SH4M2F,asin,5.0
B07DVLC85N,asin,5.0
B07W1ZYZNN,asin,5.0
B07W719H64,asin,5.0
B08GYXRC8S,asin,5.0
B08GRZ6BFN,asin,5.0
B07Q4JWQWD,asin,5.0
B07CN7JMNG,asin,5.0
B07GKKX4W6,asin,5.0
B01I5VQ536,asin,5.0
B088TTZXKN,asin,5.0
B0054OTW4W,asin,5.0
B08JV8J6HF,asin,5.0
B07X5JJ24Q,asin,5.0
B01HIA58EM,asin,5.0
B01HOAPF2Q,asin,5.0
B08HQ8WB77,asin,5.0
B0865687G9,asin,5.0
B089JZFQ2C,asin,5.0
B076WYC8ZD,asin,5.0
B08B3J8LG2,asin,5.0
B0834M3Y71,asin,5.0
B075ZJP6GN,asin,5.0
B08375PH4Y,asin,5.0
B07HCC1GX7,asin,5.0
B08FJBC1YS,asin,5.0
B0882QHTQH,asin,5.0
B08D7C9HL7,asin,5.0
B08D6HCFRK,asin,5.0
B07PDLL9V7,asin,5.0
B07GNHLGC6,asin,5.0
B08C2ND37K,asin,5.0
B085C9LK28,asin,5.0
B0854286BJ,asin,5.0
B08J85LK3B,asin,5.0
B08BYGMDXB,asin,5.0
B07XT1622Q,asin,5.0
B01EMLSQMG,asin,5.0
B08CY2QSZ1,asin,5.0
B08NJ27HDM,asin,5.0
B07Y4DYJKY,asin,5.0
B08G1JL71M,asin,5.0
B01N2JQS6Y,asin,5.0
B07HDZGL7C,asin,5.0
B0814BFH67,asin,5.0
B07GF684J8,asin,5.0
B07ZTKSCS3,asin,5.0
B01MAZKHFA,asin,5.0
B00X234MZG,asin,5.0
B0817GLNQ4,asin,5.0
B0811FDMWQ,asin,5.0
B07GRYMN8J,asin,5.0
B07TR2Q59D,asin,5.0
B07G8KWXGL,asin,5.0
B01M9FDCSW,asin,5.0
B0768ZY5WR,asin,5.0
B07KTBCVFD,asin,5.0
B08B58ZYTD,asin,5.0
B089RFLJ38,asin,5.0
B00OWRD64Y,asin,5.0
B08G4Q3HNC,asin,5.0
B01BYJJSEY,asin,5.0
B07VV5CXJM,asin,5.0
B07R8ZKFXH,asin,5.0
B07637RVXZ,asin,5.0
B08MKNYHBQ,asin,5.0
B018E2SYP8,asin,5.0
B07S3DH6BL,asin,5.0
B08JLKXV61,asin,5.0
B07ZPPZ256,asin,5.0
B07Y61V542,asin,5.0
B07L2ZRVD5,asin,5.0
B07YDLPRMZ,asin,5.0
B003GDJ0IG,asin,5.0
B07X3PPK73,asin,5.0
B07Z6RXRHZ,asin,5.0
B08LKPKLQW,asin,5.0
B086BWCD3X,asin,5.0
B07B3PTYY2,asin,5.0
B07DVR52QG,asin,5.0
B07P7LD7SL,asin,5.0
B08LG2HYS2,asin,5.0
B07JDHTPSG,asin,5.0
B07HKLS1H8,asin,5.0
B07NFB29WR,asin,5.0
B08CKJNS4R,asin,5.0
B000GIYG60,asin,5.0
B07YZT2B46,asin,5.0
B08LNP43CN,asin,5.0
B07XKVZH9X,asin,5.0
B07W3PZF23,asin,5.0
B08GXXQNJH,asin,5.0
B081VQJCCM,asin,5.0
B08BX4DVW7,asin,5.0
B084JRFLB9,asin,5.0
B08GVF2J7S,asin,5.0
B07V3PZTTK,asin,5.0
B07CXJ7499,asin,5.0
B08MVX691L,asin,5.0
B08DDBL28B,asin,5.0
B01FZ881JI,asin,5.0
B07T46W6K1,asin,5.0
B074TGNSQ3,asin,5.0
B07XYQ87DN,asin,5.0
B07Y2GX78Y,asin,5.0
B085GBKZ5K,asin,5.0
B088TWG1Y8,asin,5.0
B07W8ZFFFH,asin,5.0
B08HH8BTBD,asin,5.0
B07L9W6NVK,asin,5.0
B07F2V7YVJ,asin,5.0
B08M3N3PPM,asin,5.0
B07Y9RGDP2,asin,5.0
B07P2P8359,asin,5.0
B07GVDX94H,asin,5.0
B08GS9L876,asin,5.0
B0882PL6D3,asin,5.0
B08GWQJM1B,asin,5.0
B07Z4RPKKK,asin,5.0
B08H5QLPQN,asin,5.0
B08KG11FPX,asin,5.0
B009FHN0FQ,asin,5.0
B08HWCBLXR,asin,5.0
B08GWXFCS1,asin,5.0
B07T365Z4J,asin,5.0
B08GG9QP94,asin,5.0
B08D3PX98X,asin,5.0
B08JYKQ6JW,asin,5.0
B088TWQZKZ,asin,5.0
B0811KJ65X,asin,5.0
B08L45B1NH,asin,5.0
B00X22GA3Y,asin,5.0
B0827C2PNZ,asin,5.0
B07L96SDQ9,asin,5.0
B086VL63BQ,asin,5.0
B077FSLZNV,asin,5.0
B07RZ8HNLL,asin,5.0
B0861CJMGG,asin,5.0
B08K3ZM66X,asin,5.0
B00KDS6IIM,asin,5.0
B08GJ967NG,asin,5.0
B088TW8RT7,asin,5.0
B07BCBSMV6,asin,5.0
B086BTMDTX,asin,5.0
B07JN9BRHG,asin,5.0
B08DTXHQ7M,asin,5.0
B08B6GYSW3,asin,5.0
B081ZGTY95,asin,5.0
B07TDP96PR,asin,5.0
B08133VX3X,asin,5.0
B08DHWR2P5,asin,5.0
B08FJ5BDKP,asin,5.0
B07GL331T4,asin,5.0
B07KHPGDW4,asin,5.0
B07RQQHDNW,asin,5.0
B087HS8KHY,asin,5.0
B083WH6Z2P,asin,5.0
B0799RV86Q,asin,5.0
B07XJNF1N2,asin,5.0
B085VJV57L,asin,5.0
B07WZBP8WK,asin,5.0
B07211SRK3,asin,5.0
B00FUABDP6,asin,5.0
B081C9CH5B,asin,5.0
B07526VZSD,asin,5.0
B083MYLYY2,asin,5.0
B08GQD2B2Z,asin,5.0
B08HW3M6Z7,asin,5.0
B07WJKLGP9,asin,5.0
B08GJK4TXX,asin,5.0
B084RQGP3R,asin,5.0
B07YNPHW13,asin,5.0
B07W468TMP,asin,5.0
B07G4F223B,asin,5.0
B08KRS1FWK,asin,5.0
B08CGTH7S5,asin,5.0
B07ZT31ZTD,asin,5.0
B07WSQL1PG,asin,5.0
B08B84RVCM,asin,5.0
B0884HTKNQ,asin,5.0
B08CZQLCRT,asin,5.0
B087HPY3RC,asin,5.0
B07RM957BX,asin,5.0
B08GH4DY99,asin,5.0
B08GFGV7JP,asin,5.0
B07NS62CPY,asin,5.0
B07D4JBQX6,asin,5.0
B08DHT5H4P,asin,5.0
B08JGD2Y88,asin,5.0
B08FDNP59X,asin,5.0
B07Z5T3MV2,asin,5.0
B07S389XY1,asin,5.0
B08HS2DYLS,asin,5.0
B08BTF4RJQ,asin,5.0
B08H3LW38D,asin,5.0
B08MBSH68Z,asin,5.0
B07GJKK26Y,asin,5.0
B084RY67QS,asin,5.0
B07LBS975C,asin,5.0
B081RS5BGK,asin,5.0
B07X57LYQ3,asin,5.0
B07WZLV1J2,asin,5.0
B07XGJ3ZQC,asin,5.0
B07XL4BH56,asin,5.0
B08HRLN2HB,asin,5.0
B07V2YGLN5,asin,5.0
B08KXKHNH4,asin,5.0
B08LB44VH6,asin,5.0
B07GXGSX2L,asin,5.0
B07XZMR3CV,asin,5.0
B08L54RCKR,asin,5.0
B07MKM3V8H,asin,5.0
B07L49863P,asin,5.0
B07BQYMNR6,asin,5.0
B07T717QPJ,asin,5.0
B0811VTFP9,asin,5.0
B07PDZV13Y,asin,5.0
B07R76K2HD,asin,5.0
B081Y7PL61,asin,5.0
B08HVRM5F8,asin,5.0
B07Z24Z7GQ,asin,5.0
B07Q6BY33Y,asin,5.0
B08DNT6YWZ,asin,5.0
B01MRVHL81,asin,5.0
B08LKZXP1G,asin,5.0
B08CK92FKV,asin,5.0
B07B67XSR5,asin,5.0
B01M35CWGA,asin,5.0
B07V2CX8PX,asin,5.0
B01MPZJI1G,asin,5.0
B08F4C48N1,asin,5.0
B0744PWMZ6,asin,5.0
B08862S95H,asin,5.0
B07VHGD988,asin,5.0
B0896VT8ZC,asin,5.0
B07H9VYHXB,asin,5.0
B088TVRN9F,asin,5.0
B07XXX1HQ8,asin,5.0
B08BPHBW6F,asin,5.0
B08CFVPT1G,asin,5.0
B07QD5TGXY,asin,5.0
B07YQZVT2T,asin,5.0
B08JY9XXF3,asin,5.0
B07XWGVJ11,asin,5.0
B07VMLY8WD,asin,5.0
B08LC6LD5M,asin,5.0
B07QP2TWFN,asin,5.0
B073VZ9VRF,asin,5.0
B08HQ9NDWQ,asin,5.0
B07QN21JNK,asin,5.0
B0864RK2MT,asin,5.0
B08LCXZXQJ,asin,5.0
B08HLN3227,asin,5.0
B081B176SY,asin,5.0
B087DPSXB4,asin,5.0
B075MYKVN3,asin,5.0
B08KF3CBJR,asin,5.0
B07X3Y77BP,asin,5.0
B083X7L8HY,asin,5.0
B08DS8PWLJ,asin,5.0
B087ZSRPD1,asin,5.0
B07N8L7GYX,asin,5.0
B07DDPY7WY,asin,5.0
B088TVPVRJ,asin,5.0
B08FMFH257,asin,5.0
B086BHSXJT,asin,5.0
B0855QKGHF,asin,5.0
B07S1R4PS8,asin,5.0
B08DKVW5XX,asin,5.0
B0792PFYLF,asin,5.0
B07H1X74CM,asin,5.0
B07YV3DX7B,asin,5.0
B019XK2ATG,asin,5.0
B075X8CP1T,asin,5.0
B0882W2XQ9,asin,5.0
B08FY26S8J,asin,5.0
B07PBJW545,asin,5.0
B00VZD62V2,asin,5.0
B075XRJR1X,asin,5.0
B07GFC61GW,asin,5.0
B01M9HOQ6S,asin,5.0
B08J1GGBLT,asin,5.0
B08L6DD5H8,asin,5.0
B07R8P7DS9,asin,5.0
B08JMF2DR6,asin,5.0
B08HYJZJRY,asin,5.0
B07JVRS1ZT,asin,5.0
B08CRLPJ7P,asin,5.0
B08F53PZT7,asin,5.0
B071G6LMM3,asin,5.0
B07T3PXZNB,asin,5.0
B08L9SMFR6,asin,5.0
B07JHLG9KL,asin,5.0
B00V8S0HCY,asin,5.0
B075XSN3X8,asin,5.0
B07W4HWM1G,asin,5.0
B08MW69QQ5,asin,5.0
B07YDYFLPL,asin,5.0
B008VHN8AI,asin,5.0
B08K451VCN,asin,5.0
B07KC4GHVP,asin,5.0
B088YT93FQ,asin,5.0
B0785H4L7H,asin,5.0
B00OTXQO4K,asin,5.0
B07VB4ZSWD,asin,5.0
B08H1M5R8G,asin,5.0
B07VN3DTNV,asin,5.0
B07DXCJ1SF,asin,5.0
B00BBS32SC,asin,5.0
B07QJFBC1S,asin,5.0
B08H87WN87,asin,5.0
B07XNP5R1H,asin,5.0
B08BG62MJF,asin,5.0
B07Y9GJ244,asin,5.0
B082HJJ1QN,asin,5.0
B07KZNP31V,asin,5.0
B07WZLP2PX,asin,5.0
B0893XZ8Q7,asin,5.0
B00S67525M,asin,5.0
B07R124QF8,asin,5.0
B07ZP53WFW,asin,5.0
B08FWXQ6ZQ,asin,5.0
B08NCRVRYB,asin,5.0
B00VBYYKIC,asin,5.0
B08JLQHHKN,asin,5.0
B07YLK6WNN,asin,5.0
B07BPXPQTM,asin,5.0
B08GHJF74W,asin,5.0
B07X9S2Y1D,asin,5.0
B08HCPTZ14,asin,5.0
B08L7CM6DQ,asin,5.0
B07VCDJ1CK,asin,5.0
B08GQY8TVN,asin,5.0
B07VYWC3RX,asin,5.0
B07XXR963H,asin,5.0
B08GH8DP1B,asin,5.0
B084RRGVYD,asin,5.0
B08HNBS47W,asin,5.0
B07SCYXQQV,asin,5.0
B0815JJHRP,asin,5.0
B07CY86476,asin,5.0
B08FT1JW4D,asin,5.0
B07YRQ82SN,asin,5.0
B08CQHG4VS,asin,5.0
B08BJBKTLB,asin,5.0
B07KLPFHLY,asin,5.0
B07ZYHNPQY,asin,5.0
B08LK4NPPW,asin,5.0
B00I49T6HC,asin,5.0
B07ZWQ7WFX,asin,5.0
B084WWRT4M,asin,5.0
B0742LBJ16,asin,5.0
B01LWI3RR4,asin,5.0
B08NPRMN4Y,asin,5.0
B07GV8LL8Y,asin,5.0
B00VBYYHNK,asin,5.0
B089YF85WJ,asin,5.0
B08DD3V73C,asin,5.0
B08CNNC6BC,asin,5.0
B088FWMW8V,asin,5.0
B075SBSG3K,asin,5.0
B07DCLLSW9,asin,5.0
B08HPSLZHV,asin,5.0
B07X3RFQXD,asin,5.0
B07MKY21C9,asin,5.0
B088GPXZQ8,asin,5.0
B01G90VAOO,asin,5.0
B08GS53RQW,asin,5.0
B085711BCF,asin,5.0
B07CRX7NML,asin,5.0
B07RDQB4GC,asin,5.0
B084FJ3JJ7,asin,5.0
B07GF685ZK,asin,5.0
B06Y24D557,asin,5.0
B08BJDK748,asin,5.0
B08JV4FBNM,asin,5.0
B084Z43KKK,asin,5.0
B08BP9MXSF,asin,5.0
B086MKP1WY,asin,5.0
B08ML9X4YT,asin,5.0
B07MJW8XVV,asin,5.0
B08B16K3LH,asin,5.0
B01KJMF06W,asin,5.0
B07ZT7RQRQ,asin,5.0
B07QDR9VZT,asin,5.0
B087WND638,asin,5.0
B08MFFS5NX,asin,5.0
B07DHD8HXN,asin,5.0
B08HQBBBL9,asin,5.0
B08CXNV4VY,asin,5.0
B07N3FVWJK,asin,5.0
B07PXD1225,asin,5.0
B084NW5MLR,asin,5.0
B07JQ2Q175,asin,5.0
B077L58D1G,asin,5.0
B07RKY8FSG,asin,5.0
B07R8TS15L,asin,5.0
B08FBTZZK1,asin,5.0
B08DYZ98XQ,asin,5.0
B078VJSPQY,asin,5.0
B07RM26S16,asin,5.0
B083WPJDZ5,asin,5.0
B08C2RN8BK,asin,5.0
B07FSTN57F,asin,5.0
B07T3ML26V,asin,5.0
B08FJ1RRVP,asin,5.0
B07LC2SM31,asin,5.0
B07D72RMW5,asin,5.0
B07H1292FD,asin,5.0
B08H1KGKP5,asin,5.0
B071JNL7M6,asin,5.0
B07WW9PRHV,asin,5.0
B07Y7Y1MJD,asin,5.0
B071JNLC54,asin,5.0
B07S46CSLJ,asin,5.0
B08NJ8B2ZX,asin,5.0
B0888V2V58,asin,5.0
B087R28GD3,asin,5.0
B07X7ZFXQY,asin,5.0
B08L71QGD5,asin,5.0
B07JKDQFY9,asin,5.0
B073YLX3NG,asin,5.0
B07ZSGF2FN,asin,5.0
B086W5V7DP,asin,5.0
B07PYZF9SC,asin,5.0
B08HD6DW72,asin,5.0
B07VBGN3YD,asin,5.0
B08J7JN1NX,asin,5.0
B07Z9FHRGF,asin,5.0
B07Y9Y39RJ,asin,5.0
B08293CL5B,asin,5.0
B082X231FH,asin,5.0
B07CY49P6N,asin,5.0
B07SGH5KB6,asin,5.0
B08H1PHWKN,asin,5.0
B08JQ68BBD,asin,5.0
B00RM2L05S,asin,5.0
B01N8VOJXE,asin,5.0
B08KFY9QTP,asin,5.0
B08B8P7VN2,asin,5.0
B07K6DHXV1,asin,5.0
B0814BKNXQ,asin,5.0
B07DVKPQM7,asin,5.0
B07Y46TW2H,asin,5.0
B07YZJ7TRK,asin,5.0
B08L5Z72H9,asin,5.0
B07ZQ89L48,asin,5.0
B07JCTTPCD,asin,5.0
B08C6N65HF,asin,5.0
B08KR7YCMP,asin,5.0
B08FJCR5JQ,asin,5.0
B073RT14YK,asin,5.0
B08HCVDH25,asin,5.0
B07DR288ZP,asin,5.0
B08375BVQ7,asin,5.0
B00RX3S5L8,asin,5.0
B08M91WJV2,asin,5.0
B01HP5WQI6,asin,5.0
B06XC296ZM,asin,5.0
B01G90U38S,asin,5.0
B08JGVRWH9,asin,5.0
B08K8PLR83,asin,5.0
B07798GHBR,asin,5.0
B07R1RLFJM,asin,5.0
B08L7RSWDP,asin,5.0
B07P77HFPK,asin,5.0
B07H9YDLGV,asin,5.0
B089J9T1VW,asin,5.0
B071JNL2PM,asin,5.0
B00820J6VY,asin,5.0
B07YRS72XG,asin,5.0
B083NSC13K,asin,5.0
B07WXSL57D,asin,5.0
B08CJZHRPV,asin,5.0
B08FHWVYFV,asin,5.0
B073W8CN8J,asin,5.0
B08K3P1BQR,asin,5.0
B08JQ5TQXQ,asin,5.0
B08F2D8D62,asin,5.0
B07CY2L968,asin,5.0
B00X22LOQ2,asin,5.0
B08CGS1KZN,asin,5.0
B08FJ2MQ1T,asin,5.0
B07VWPPDP7,asin,5.0
B07KG1NTKP,asin,5.0
B0711MH6ZH,asin,5.0
B08JP94982,asin,5.0
B085TBX96C,asin,5.0
B074S336HS,asin,5.0
B0814HS2ZQ,asin,5.0
B075MR92WX,asin,5.0
B08623M553,asin,5.0
B07L6KWKCK,asin,5.0
B07ZLP9851,asin,5.0
B07JWCVSW1,asin,5.0
B07ZV25JZH,asin,5.0
B08F7HWW8P,asin,5.0
B08K2PV4TC,asin,5.0
B07ZKHZL29,asin,5.0
B08FC9H5SY,asin,5.0
B07VKHYJJ5,asin,5.0
B07TYG57MS,asin,5.0
B07V7WQKPB,asin,5.0
B08J7GC9GT,asin,5.0
B07RYQ43QS,asin,5.0
B004IPQPNY,asin,5.0
B089Q6WYP2,asin,5.0
B07JKYB6M3,asin,5.0
B0815YKJGQ,asin,5.0
B08FTLBBFJ,asin,5.0
B07QDQDWNL,asin,5.0
B07Y42XHX5,asin,5.0
B07ZLXYSMM,asin,5.0
B07MLPMX49,asin,5.0
B0791FJVTW,asin,5.0
B07FP2S57H,asin,5.0
B07CNGB32K,asin,5.0
B08MVWFRLX,asin,5.0
B00SA08K7C,asin,5.0
B073TKY3MT,asin,5.0
B004XVWE10,asin,5.0
B00YFS6UBQ,asin,5.0
B0813DWK82,asin,5.0
B00OU0LZ7S,asin,5.0
B08G8FCLDV,asin,5.0
B08M3Y6KRN,asin,5.0
B00ABBP9GS,asin,5.0
B08K91VKFQ,asin,5.0
B07ZBCWMTG,asin,5.0
B075GT2XVX,asin,5.0
B07CKWP1JJ,asin,5.0
B084KRSKD8,asin,5.0
B083464JR3,asin,5.0
B08P9YHJ5S,asin,5.0
B087LY64DK,asin,5.0
B08CZXNKXS,asin,5.0
B079L6TJ77,asin,5.0
B0861PSBXV,asin,5.0
B07S58TZ6G,asin,5.0
B086DCHKSS,asin,5.0
B08CJZ5HTM,asin,5.0
B07BDNQ16C,asin,5.0
B076DYKC4K,asin,5.0
B088TV7PFS,asin,5.0
B0841FNZG7,asin,5.0
B01LX1UEOY,asin,5.0
B08D38P22N,asin,5.0
B07Y7QQVG9,asin,5.0
B0815H6NZN,asin,5.0
B07GGLYTFY,asin,5.0
B08787QRXP,asin,5.0
B0882ZQPMJ,asin,5.0
B081W485NH,asin,5.0
B073HCDCW7,asin,5.0
B07JDX6CQ7,asin,5.0
B08N5VNHGD,asin,5.0
B00BBS4QZK,asin,5.0
B07W9KBYGJ,asin,5.0
B08FXFC5FH,asin,5.0
B08D91JYX2,asin,5.0
B08HM2749B,asin,5.0
B07PKHG6X9,asin,5.0
B07TZVKNR7,asin,5.0
B08K77W2CW,asin,5.0
B07LB4CS2Z,asin,5.0
B083HBQZPJ,asin,5.0
B08G1DZKS3,asin,5.0
B07JFM14YQ,asin,5.0
B07GS21Y4W,asin,5.0
B0733LM9BD,asin,5.0
B089QWYQH5,asin,5.0
B07KJD1HDW,asin,5.0
B07DRB9PN8,asin,5.0
B07CQH6KCP,asin,5.0
B07TYX2VG1,asin,5.0
B0892NR74N,asin,5.0
B07MJ4T62F,asin,5.0
B071NZ28RC,asin,5.0
B07JVP6R5S,asin,5.0
B01GELMTX4,asin,5.0
B00WZMQTF6,asin,5.0
B088QX1VMH,asin,5.0
B07G72GHWP,asin,5.0
B018782L08,asin,5.0
B08FDR6RQ7,asin,5.0
B08KJL5ZRF,asin,5.0
B088ZRP4L3,asin,5.0
B075X6L636,asin,5.0
B08FD45TH2,asin,5.0
B07XLMH21X,asin,5.0
B07HH1WPQV,asin,5.0
B07VMHNZKH,asin,5.0
B07WDJL2H1,asin,5.0
B07B86RRXP,asin,5.0
B075SDRSZC,asin,5.0
B07Q94MKBY,asin,5.0
B08HJKFNZ2,asin,5.0
B00SSQRYKC,asin,5.0
B089KR43GG,asin,5.0
B07W4WZKCJ,asin,5.0
B082KJ6QX6,asin,5.0
B08BNG6KSK,asin,5.0
B08FFNBZ6D,asin,5.0
B084DTT4RG,asin,5.0
B07NZLW131,asin,5.0
B07WLCVS4C,asin,5.0
B075K6BMKC,asin,5.0
